INDEX,P_TARGET
3,1.54688
9,3.84183
10,2.05295
18,2.42348
21,0.67451
30,5.75634
31,3.63961
37,1.67236
39,0.31358
47,1.36159
60,2.54304
62,0.76884
63,3.63709
64,1.2649
68,1.21551
75,2.80843
76,2.46478
83,0.18108
87,3.61678
92,5.18726
98,2.49005
106,1.08599
107,0.6759
113,2.4556
120,3.53845
123,5.65062
125,2.91702
126,5.82834
128,4.35314
129,2.47295
131,4.03207
135,1.31534
141,4.13378
147,3.09689
148,1.1299
151,3.6604
156,2.79154
157,3.18117
174,1.52658
186,0.77683
193,2.3534
195,1.04375
212,0.55241
213,0.79644
217,2.9151
223,3.72526
226,2.90691
228,4.61864
230,4.00415
241,1.86364
243,3.61987
249,1.41629
281,3.8658
288,0.24578
294,2.04727
295,2.14698
300,5.55287
302,4.2594
303,1.57315
308,1.6315
319,4.72104
320,0.81342
324,2.66458
331,2.59313
343,2.85047
347,2.14583
348,3.6287
350,4.5974
357,1.44648
358,3.61698
360,4.09999
366,3.38007
367,2.51472
368,4.6982
376,2.21746
380,3.20186
388,0.36474
396,4.35146
398,4.391
403,3.81845
410,0.90447
412,1.21104
420,2.37517
434,2.2319
440,2.90865
450,3.47575
453,2.40101
464,4.42282
465,4.28776
466,4.45493
473,2.43542
476,1.33485
478,1.44688
479,3.04119
493,2.63834
497,3.09537
503,3.66689
504,3.47392
505,2.39483
507,0.21458
513,2.71981
519,2.42524
521,3.5701
522,3.59866
545,2.90125
549,2.1273
551,1.37136
556,6.80483
557,5.91841
559,1.6698
560,2.51278
566,3.59713
569,4.2608
573,2.5022
578,0.97944
579,5.38109
582,4.84271
596,3.9187
598,1.81367
599,0.99827
602,2.69416
605,1.97161
617,2.72092
619,5.64359
630,2.73534
634,3.46223
643,2.26558
645,0.6252
647,4.4256
649,3.10213
656,3.57897
657,4.78855
658,2.6372
667,3.25836
692,2.97301
693,3.9567
698,0.26077
699,3.59255
700,6.44917
704,3.02856
707,3.03155
708,4.4908
709,2.92276
713,0.5291
714,2.86036
716,2.07233
718,3.63532
722,3.97895
729,6.48511
731,2.25758
733,3.46728
746,3.00822
747,3.46409
748,0.91225
753,1.14381
757,1.28806
763,3.03793
767,5.48064
774,2.73477
776,0.75549
788,0.63089
794,3.68846
799,1.60218
803,3.98817
806,3.86632
807,3.57822
811,4.03199
816,6.04677
818,3.44888
819,1.63275
831,5.15293
835,5.00512
837,1.5737
841,1.19018
846,1.27425
856,5.41658
861,4.50813
862,1.07314
863,2.84627
865,3.657
871,2.61102
879,1.06045
880,2.53669
881,3.38979
885,3.45931
887,2.42287
892,1.08068
898,3.68231
900,1.37964
904,1.45157
906,4.99072
910,3.71616
912,3.85538
913,2.36519
919,4.41795
924,1.49822
925,2.8418
930,2.88435
940,2.12207
941,3.51576
946,0.2403
949,5.03071
951,1.52443
962,3.74812
966,2.46125
967,4.33869
971,1.03692
981,3.13572
982,2.81831
983,1.07274
984,1.93195
989,2.31254
990,4.49491
992,2.40254
995,5.37895
996,1.3536
998,0.68969
1001,3.47469
1007,1.21235
1008,2.47127
1016,2.53235
1022,2.49889
1027,5.30879
1032,1.25285
1033,3.69171
1041,4.55156
1065,1.22203
1074,2.00131
1075,0.43244
1081,1.19358
1094,3.97999
1099,2.94037
1105,2.65207
1123,1.58267
1135,1.25765
1142,2.42159
1155,2.2453
1169,2.37357
1176,3.36673
1178,3.61682
1180,3.35415
1184,0.56537
1185,1.62641
1193,0.54147
1196,1.19035
1199,1.57356
1203,2.61369
1205,2.41539
1207,2.65212
1208,1.68616
1212,0.69842
1213,1.0216
1222,1.68319
1223,1.6462
1226,4.01509
1227,6.28571
1229,1.44652
1230,4.16143
1231,2.77183
1241,1.04005
1243,3.96499
1244,5.52236
1246,3.96886
1248,2.52271
1249,3.58259
1252,3.29636
1261,3.14883
1275,3.25331
1281,1.72654
1285,3.94679
1288,0.81462
1290,3.58897
1291,0.90165
1304,4.42771
1305,2.67863
1323,4.39005
1342,1.28083
1348,2.4444
1353,3.66471
1363,3.01535
1371,3.62661
1372,0.96599
1378,0.85008
1381,3.80716
1382,4.05581
1393,4.47115
1394,5.16574
1398,6.21527
1404,3.12717
1405,3.59102
1419,1.50728
1421,2.54262
1426,1.43707
1431,1.34398
1435,2.88389
1437,1.92612
1438,1.54851
1442,1.0239
1464,0.98765
1471,2.65125
1473,4.35034
1476,2.76029
1478,2.38775
1479,3.74823
1487,5.09952
1492,4.27387
1496,3.00721
1497,0.37459
1515,2.8788
1519,1.27402
1522,2.91702
1526,3.66572
1537,2.42549
1538,4.0001
1540,1.93106
1543,3.55022
1548,1.36692
1549,1.15695
1556,2.87281
1564,1.38614
1570,3.20231
1577,2.07368
1585,3.95374
1590,4.31067
1592,1.54324
1594,1.12843
1596,7.36873
1598,4.57044
1603,2.27828
1607,1.44799
1612,5.428
1627,4.60177
1629,3.21272
1630,3.05535
1640,5.42141
1641,4.08405
1646,3.73481
1662,0.50297
1668,0.83121
1671,0.43428
1672,4.0691
1673,5.74627
1686,3.68524
1688,3.8906
1696,3.28763
1701,4.53451
1707,3.73456
1708,3.4839
1713,3.61419
1715,3.29048
1717,2.98687
1721,3.00399
1724,2.61026
1725,3.00894
1730,3.67589
1731,3.86293
1734,2.54409
1740,3.34737
1748,2.67929
1749,4.1403
1750,5.58227
1763,2.85326
1768,4.16916
1773,2.33848
1777,1.25183
1778,0.32315
1780,3.12139
1782,0.32668
1784,4.64485
1786,3.55534
1787,4.56442
1792,0.7073
1800,2.70354
1801,2.89946
1803,2.51417
1804,3.21583
1807,2.56039
1818,6.48344
1821,3.32384
1822,3.96019
1828,2.73732
1833,3.67488
1844,3.86641
1847,2.93386
1850,2.55949
1854,3.58057
1858,4.87726
1864,3.87518
1867,0.94151
1876,2.86576
1880,1.48981
1881,2.01406
1891,2.61515
1894,3.00683
1895,4.20592
1901,1.39352
1905,4.37459
1912,6.34111
1918,2.93633
1921,3.629
1923,3.01866
1924,1.47824
1931,2.18539
1941,4.11976
1950,1.60238
1951,4.07121
1954,4.77925
1961,3.55714
1966,3.62274
1979,3.81167
1982,0.94527
1987,2.85966
1997,2.85417
2004,3.8701
2011,4.39968
2015,3.09396
2025,7.54481
2033,0.73988
2034,4.40901
2035,1.75165
2036,1.7431
2053,2.6245
2059,2.98098
2060,1.84781
2073,2.65813
2084,2.88282
2089,3.22555
2092,1.70258
2109,4.52008
2129,4.83222
2134,6.05639
2135,4.86637
2148,3.17662
2149,0.80377
2150,2.39576
2165,2.71885
2166,2.82021
2168,4.1911
2170,1.00323
2171,2.51984
2172,2.43215
2176,5.11331
2182,3.03632
2189,2.12641
2191,4.71535
2197,2.88634
2202,0.74356
2203,3.58172
2204,0.36883
2206,4.52529
2218,1.58218
2219,3.60896
2221,0.71696
2226,0.94218
2228,2.88579
2232,3.61418
2236,0.41079
2241,2.05019
2245,5.06313
2251,3.13928
2255,5.25972
2256,3.73986
2259,1.38474
2263,3.45044
2264,3.56393
2267,0.62346
2273,2.0417
2277,4.44117
2287,3.74506
2289,3.09803
2291,1.49161
2296,1.79462
2299,1.80662
2306,3.00625
2314,0.51038
2317,2.61429
2318,3.80149
2321,4.00805
2324,4.30954
2340,2.84035
2343,2.48385
2349,0.67821
2352,5.06746
2353,1.34334
2365,1.48645
2370,1.29595
2378,3.04907
2390,0.72729
2399,1.02031
2402,1.44474
2403,1.16094
2404,1.85626
2414,5.33031
2422,3.56272
2424,0.62737
2430,3.69689
2435,2.92737
2439,1.91035
2442,4.83619
2445,3.62854
2449,1.36955
2451,0.83135
2461,2.65531
2464,3.61156
2465,3.58128
2472,2.99798
2476,2.40986
2482,2.9591
2487,5.06382
2498,4.48002
2501,3.60325
2504,2.5186
2511,0.36697
2518,4.96666
2521,5.1465
2530,2.92029
2543,4.58845
2545,4.21472
2561,3.37892
2566,3.5498
2572,2.72997
2577,3.26158
2578,1.94234
2580,1.84299
2581,4.09069
2582,4.49159
2584,2.75384
2590,4.14592
2598,2.86436
2602,1.12946
2605,4.87132
2616,3.6872
2618,3.5066
2619,1.8158
2624,4.75596
2632,1.1937
2640,3.67411
2646,4.16423
2651,0.6604
2660,1.42245
2661,3.57128
2668,1.47628
2670,1.33249
2680,2.38592
2681,3.04069
2689,0.92271
2694,5.6854
2695,1.29425
2696,2.85598
2702,2.32944
2704,3.49841
2708,5.34026
2709,1.70773
2714,3.89412
2716,1.80863
2723,1.15805
2725,2.91885
2738,0.05253
2750,3.66152
2756,1.5541
2758,3.97192
2766,2.75892
2767,0.44214
2771,2.45054
2775,3.56928
2776,2.78794
2779,1.75621
2780,2.82685
2781,1.29706
2782,4.13441
2783,3.65766
2796,3.72602
2798,4.63671
2800,3.14
2803,7.27278
2806,5.20511
2813,2.92224
2818,1.609
2821,5.03552
2825,4.02315
2829,2.26858
2830,2.9158
2833,3.85438
2839,1.17066
2843,4.29981
2846,4.38517
2847,2.81024
2848,5.75901
2856,3.75744
2863,0.80281
2867,4.97003
2869,3.50767
2873,4.20053
2874,3.55633
2875,2.99754
2880,1.55193
2886,3.26671
2887,3.49784
2888,3.10323
2889,2.25297
2890,1.58978
2892,1.61177
2901,2.94594
2902,1.18021
2905,2.1783
2917,1.35492
2922,2.3865
2924,3.28656
2930,1.27346
2931,5.12239
2946,1.37748
2955,3.5827
2962,2.80363
2964,0.59135
2965,0.53126
2967,5.50451
2970,6.13227
2973,6.46594
2974,1.44146
2976,1.48501
2977,1.77062
2978,0.46601
2986,4.32701
2988,5.39605
2989,1.352
2995,3.6059
3005,4.65862
3011,4.75915
3013,2.85552
3019,3.47451
3021,2.21531
3022,5.12511
3029,1.17995
3037,3.4709
3042,2.42623
3043,3.75713
3049,3.78023
3050,5.70042
3053,1.207
3058,1.05027
3062,1.24713
3063,3.85322
3065,2.08655
3080,2.57815
3088,0.90987
3093,1.35912
3096,5.31417
3101,5.53685
3103,1.50175
3107,6.68557
3109,4.07759
3111,5.57946
3113,4.40004
3116,5.00664
3132,3.04989
3141,4.8548
3153,1.25968
3154,1.30967
3160,1.50363
3167,1.7169
3170,3.19571
3173,2.36097
3174,3.73032
3177,5.14167
3179,3.72906
3184,0.62498
3190,2.1086
3193,3.90445
3199,3.92858
3201,0.78467
3202,2.76152
3203,2.79297
3206,2.9431
3209,2.90778
3210,2.27558
3217,3.98213
3220,4.07686
3228,2.51482
3232,2.98622
3239,0.86253
3243,3.64237
3245,2.86495
3246,4.27863
3251,4.35516
3253,4.37103
3257,3.82891
3260,1.41515
3261,3.86244
3263,5.05936
3278,3.64188
3281,3.16498
3283,5.11826
3290,2.28589
3297,3.44228
3304,3.68984
3305,3.07806
3307,5.39243
3308,3.20299
3313,2.27686
3314,2.60296
3317,0.56203
3348,0.86317
3350,2.46057
3359,3.80024
3367,3.83195
3376,2.92277
3378,3.13785
3384,1.32172
3386,2.72024
3387,3.79472
3388,2.95113
3390,4.54931
3391,0.99367
3396,0.0703
3398,3.60736
3404,4.53235
3406,1.72204
3407,3.59571
3414,4.71586
3419,2.93686
3423,2.47471
3427,3.21019
3432,0.28086
3434,2.58641
3438,0.51786
3442,0.58295
3443,1.41352
3448,0.45408
3456,2.98446
3464,5.69294
3470,1.15304
3475,3.52071
3477,3.57147
3490,2.58456
3493,3.51427
3502,2.93764
3508,3.99747
3516,1.68737
3517,4.94141
3525,2.73713
3532,3.43418
3535,3.69045
3536,4.54073
3540,2.9884
3547,2.86592
3550,3.28453
3557,2.24011
3562,1.01894
3563,2.94445
3564,1.26898
3570,2.75458
3573,2.56561
3577,2.27457
3579,3.19224
3581,0.94431
3587,3.60899
3602,3.28841
3609,3.57512
3612,4.12314
3621,2.89903
3642,1.73522
3647,1.44521
3649,2.9054
3654,2.21151
3660,4.55574
3665,4.3378
3669,3.41149
3673,3.67596
3675,1.65469
3678,3.67148
3680,3.18011
3686,6.23324
3693,4.654
3710,2.48611
3713,4.04173
3718,5.04509
3725,3.06298
3726,2.8568
3747,2.29893
3753,1.03631
3754,4.559
3760,4.33693
3763,2.27912
3765,4.01563
3769,4.36822
3771,3.54623
3784,2.48262
3787,4.12814
3794,1.23964
3796,3.47513
3798,4.40605
3809,3.70407
3812,5.09302
3819,1.34137
3828,4.08133
3831,5.28858
3833,2.95432
3837,5.03289
3839,0.72748
3843,2.23282
3846,3.7006
3854,5.00896
3861,0.69301
3864,3.53878
3868,3.18519
3869,4.76802
3870,2.87574
3883,2.543
3886,2.831
3889,3.5866
3894,1.07897
3907,1.94942
3910,3.71354
3913,1.24251
3914,2.99966
3921,6.09509
3923,0.87909
3929,2.41528
3931,1.83826
3932,5.08671
3937,0.31882
3943,1.97224
3956,4.54398
3957,2.93084
3961,5.46959
3971,3.34392
4004,0.93247
4005,2.81449
4006,4.07848
4011,2.71344
4013,5.06955
4014,6.6045
4016,0.35229
4017,4.95614
4020,3.11326
4022,3.68813
4026,0.5209
4032,1.35315
4043,2.28484
4045,3.2684
4048,5.00535
4051,4.98432
4052,3.56943
4056,2.85018
4059,1.31671
4069,4.98358
4074,3.70278
4076,2.64849
4077,1.67452
4079,0.89091
4081,3.58093
4088,1.49856
4105,3.30804
4125,3.59025
4134,2.97287
4139,1.63827
4146,2.33591
4149,3.75366
4151,0.13358
4155,2.78768
4157,2.1085
4168,5.03827
4170,2.24878
4174,2.4711
4179,5.14699
4185,3.77783
4199,0.68555
4205,0.9321
4208,2.95032
4211,2.41776
4212,0.13943
4215,3.15117
4217,3.02067
4219,1.78817
4226,3.93497
4227,2.98763
4229,1.80211
4231,1.79445
4233,1.80575
4237,2.75904
4243,4.38442
4248,4.08323
4255,5.29899
4262,2.56857
4266,1.40759
4268,1.2209
4270,2.25158
4273,1.83822
4276,4.48413
4277,3.63801
4279,2.29106
4299,3.73711
4313,1.52606
4322,3.98709
4324,1.47174
4328,2.87397
4331,2.7147
4335,1.74594
4337,3.60288
4338,1.42744
4343,1.71254
4347,1.95495
4355,3.58175
4357,2.07167
4359,5.92843
4362,2.23723
4368,2.54902
4374,5.04753
4375,4.97864
4378,3.44674
4381,2.36405
4387,4.37626
4400,2.32659
4423,4.18165
4424,2.84596
4428,3.90424
4433,6.45609
4436,1.55043
4437,1.43823
4439,5.79934
4449,3.71366
4456,3.58738
4463,5.44487
4467,2.46808
4468,2.02125
4469,2.36442
4472,3.42753
4473,3.9334
4476,2.81424
4500,2.33607
4509,3.74513
4513,2.29069
4521,0.86779
4527,2.6324
4530,2.03402
4532,2.69888
4533,2.89804
4535,2.57407
4536,4.80236
4542,3.6566
4551,2.63717
4554,3.6238
4555,2.15003
4564,0.82898
4572,2.14546
4573,7.11146
4577,1.46021
4579,5.26067
4583,3.41108
4584,5.66765
4596,2.95658
4599,3.76317
4607,3.59891
4609,0.31094
4610,1.37496
4616,2.07341
4617,2.88994
4633,4.09825
4638,3.53419
4641,2.80891
4653,6.9282
4655,3.97029
4659,0.90417
4669,1.19283
4678,1.08461
4685,4.36921
4686,3.54794
4691,1.41573
4695,4.50777
4698,3.55713
4700,4.54753
4711,2.91611
4722,3.86057
4727,3.28549
4756,5.8278
4762,0.86448
4763,2.92567
4766,4.27452
4770,0.63201
4784,3.27303
4791,2.77138
4795,4.92412
4799,1.68079
4802,3.96709
4805,3.56491
4814,4.6325
4816,1.02838
4817,3.68635
4822,3.16798
4827,2.57869
4833,4.07823
4836,1.02131
4842,2.96009
4844,2.87475
4845,2.69903
4849,3.79815
4850,1.43871
4860,4.30997
4863,2.42747
4871,3.57886
4878,3.44085
4881,2.6549
4888,3.71602
4900,6.89779
4906,3.33517
4909,1.2587
4916,4.56316
4918,5.29444
4926,3.00537
4928,2.45774
4941,2.54634
4946,4.15147
4949,1.42267
4956,2.81044
4966,4.00361
4969,2.46813
4973,3.66963
4978,5.0839
4982,3.16911
4985,4.4575
4991,3.84141
4998,3.63396
5000,2.63427
5004,3.41574
5005,2.33955
5011,4.36785
5016,0.17695
5018,2.89218
5034,3.7713
5038,1.27538
5042,6.39256
5046,2.97555
5051,0.38319
5054,1.55318
5057,4.01964
5062,3.57304
5063,4.31008
5065,2.95484
5066,1.51947
5076,2.56278
5089,2.91935
5092,2.47725
5093,4.11012
5094,3.90095
5098,3.37882
5102,2.67437
5112,5.00995
5117,2.11348
5127,3.38137
5130,2.53719
5131,2.16168
5132,3.49326
5135,1.34286
5136,2.6487
5147,4.52661
5157,3.63551
5160,2.10003
5165,0.97292
5166,1.64282
5172,2.62295
5173,2.5188
5179,0.76513
5184,5.17312
5187,2.38221
5191,3.22532
5193,1.37548
5194,1.57667
5199,2.31785
5212,1.34904
5213,2.86993
5224,3.66971
5226,3.71755
5239,5.1432
5252,4.37997
5264,0.511
5266,2.2556
5271,4.95816
5273,3.72342
5276,2.59352
5278,4.0347
5281,2.17803
5283,3.89644
5291,0.41985
5294,6.05948
5296,3.60015
5297,0.82514
5313,3.50607
5314,2.67603
5321,2.91139
5325,3.1085
5326,1.38236
5328,3.26068
5334,2.77302
5338,0
5344,1.8953
5348,1.76028
5352,1.43581
5353,3.76787
5354,1.01511
5361,0.13638
5364,2.68917
5365,3.69216
5367,1.81585
5379,4.69816
5382,3.15803
5386,4.80452
5395,3.77014
5410,4.36994
5411,2.81565
5416,5.11583
5424,3.48073
5426,2.75453
5428,1.15353
5430,4.58133
5433,1.28035
5437,2.98611
5440,3.58716
5442,4.7554
5445,2.91869
5449,3.56689
5452,3.66946
5460,0.90938
5461,2.2649
5465,1.42599
5467,3.93885
5471,4.38533
5474,1.30095
5475,2.90282
5480,1.38793
5481,3.57078
5484,1.45718
5494,5.80963
5495,2.09603
5497,1.01159
5499,2.91557
5507,1.51553
5510,2.95901
5515,1.42037
5516,2.0732
5517,1.31317
5524,3.9029
5530,6.26938
5534,2.63601
5543,0.97758
5545,2.83081
5558,3.47707
5562,1.9903
5573,7.021
5581,3.89865
5583,5.25328
5587,3.24344
5589,1.96795
5591,5.38692
5596,2.78378
5606,3.88068
5608,4.48834
5611,3.07373
5612,4.59441
5614,4.17716
5620,3.74888
5623,5.34789
5624,2.24672
5626,6.22169
5633,1.29326
5635,2.85498
5640,4.41729
5643,2.75052
5644,5.70011
5653,5.12919
5663,3.98081
5664,5.02304
5667,2.53118
5671,0.82585
5673,3.59858
5676,2.51252
5678,2.18617
5698,2.2859
5700,5.63867
5705,3.69262
5706,5.53847
5711,2.11857
5712,5.042
5716,2.78676
5719,3.20944
5725,2.53819
5728,7.2913
5734,0.65093
5735,3.79494
5743,2.52195
5754,1.46589
5755,2.12696
5756,4.50592
5766,2.68131
5770,3.68169
5774,0.80495
5775,2.49368
5776,3.81256
5778,5.96314
5786,2.91801
5787,3.55552
5791,4.72987
5794,3.07058
5803,2.83588
5804,3.16144
5808,0.73008
5810,3.74582
5813,3.60329
5828,3.0946
5839,5.63716
5842,3.88289
5843,2.46598
5844,3.59423
5847,2.74566
5851,2.44142
5854,3.12088
5857,1.44118
5866,1.65438
5874,1.6497
5886,3.35952
5895,1.2035
5897,2.59238
5898,2.4474
5900,1.54571
5902,0.99972
5908,0.33839
5909,3.04312
5912,5.89781
5913,1.12288
5917,4.42637
5918,2.90841
5921,3.21454
5931,1.84338
5942,3.83038
5943,2.94369
5950,3.74677
5954,0.44367
5983,2.90231
5995,2.97156
6002,2.22956
6005,3.66206
6009,7.03874
6011,2.73725
6012,4.40391
6019,1.56938
6021,3.00734
6029,4.88411
6036,4.24287
6037,2.96659
6038,1.02221
6043,0.61029
6045,3.98945
6047,1.23041
6048,2.69823
6061,3.74202
6063,2.7526
6064,4.96104
6068,4.19966
6069,1.07867
6070,3.57204
6071,5.07152
6074,4.04751
6079,3.50341
6082,2.77397
6088,4.05699
6094,2.27449
6095,1.42726
6098,2.59077
6102,3.62512
6105,1.74623
6113,5.26356
6116,2.52103
6120,2.03091
6121,2.52875
6126,2.50847
6144,3.65408
6145,4.2462
6153,2.57983
6156,3.51371
6159,4.13051
6162,1.43848
6184,2.47542
6188,2.75492
6189,2.99199
6191,2.27109
6211,0.94933
6216,3.58065
6218,1.15301
6222,1.0293
6235,3.00214
6245,1.18374
6248,3.42022
6253,3.43174
6256,0.3184
6257,4.06983
6259,0.91821
6266,4.56677
6268,3.48007
6275,1.29737
6280,3.31372
6283,2.52847
6288,4.51614
6289,2.31761
6301,5.61435
6308,3.85166
6314,3.73741
6315,0.29496
6316,3.61555
6317,2.69939
6318,2.59737
6323,3.26265
6329,3.36389
6336,1.23878
6341,4.59254
6348,3.22889
6349,4.53337
6365,1.43924
6372,3.62148
6376,2.72119
6378,0.95256
6379,4.4763
6382,1.05242
6383,2.94284
6389,4.93069
6390,1.70816
6392,4.32615
6394,0.86549
6402,1.04723
6404,4.09023
6405,2.61016
6406,1.00717
6409,4.21541
6410,4.94037
6411,3.65458
6421,4.72741
6428,7.18687
6429,2.32164
6432,3.95632
6436,1.43908
6437,3.63579
6438,0.69506
6445,2.84815
6447,3.88329
6450,4.18295
6462,4.33793
6467,3.65547
6478,3.68718
6484,4.58741
6492,4.38144
6497,6.87981
6504,3.03307
6505,0.92201
6513,2.88139
6525,4.49987
6526,4.5751
6528,2.71323
6540,0.79878
6542,1.03657
6544,4.86989
6548,3.67915
6552,3.02028
6558,3.71089
6567,2.29223
6569,4.43755
6572,5.39212
6577,5.87247
6581,3.16378
6588,2.92331
6591,0.78947
6594,2.62298
6600,6.08011
6602,3.19479
6604,2.76404
6605,3.53603
6614,2.26351
6616,1.63238
6621,1.46954
6640,4.33841
6641,2.90144
6643,1.74151
6644,1.0551
6649,2.28893
6650,3.60299
6655,5.53659
6661,1.46414
6672,4.54103
6677,1.83689
6688,1.74685
6689,5.08706
6691,2.67178
6692,4.88555
6694,3.2028
6702,2.29445
6714,0.85713
6716,5.18179
6724,3.66471
6725,1.58111
6730,3.65151
6735,2.87635
6738,2.52027
6739,2.96566
6743,3.65727
6747,2.5349
6750,7.16097
6751,3.13778
6753,4.1079
6754,2.77866
6755,1.65545
6762,3.77776
6764,3.6076
6772,1.72446
6774,1.11883
6787,2.46367
6789,3.31612
6793,3.87533
6798,1.4341
6799,0.34589
6800,3.82442
6802,1.85828
6808,1.22536
6809,3.8478
6812,4.2612
6814,2.79799
6816,2.3931
6822,1.25468
6829,3.55939
6834,2.43677
6836,4.08257
6839,3.29418
6840,1.91786
6843,1.64828
6846,2.14928
6848,1.55278
6852,2.36991
6856,5.40232
6860,4.44273
6866,3.93318
6870,4.04294
6878,0.92651
6880,5.02551
6885,5.43555
6897,3.93126
6902,3.28529
6904,4.00552
6907,3.95147
6909,0.84856
6914,2.09382
6915,5.50515
6922,1.50071
6924,2.29716
6933,3.36551
6934,4.68659
6941,3.66838
6957,0
6960,0.83965
6969,0.42474
6975,2.58463
6980,1.76902
6983,1.66091
6987,2.41162
6994,2.25516
6997,4.41266
7002,3.29223
7010,2.24136
7015,3.13507
7019,2.93024
7022,4.45216
7025,2.53942
7029,4.63522
7031,2.54496
7037,2.43484
7038,3.45551
7043,1.73983
7049,3.37148
7052,2.6452
7053,4.01465
7056,3.05427
7057,4.07717
7080,1.59135
7086,1.60602
7087,3.46284
7105,3.58022
7108,2.48094
7121,1.4647
7122,2.26641
7125,1.67538
7132,3.49197
7134,3.49678
7151,2.60749
7152,3.19892
7157,3.1193
7159,1.3202
7166,1.12577
7167,1.12589
7177,2.84648
7179,1.67581
7181,0.69547
7183,5.43807
7186,3.52638
7193,5.55517
7205,3.01335
7207,2.01469
7209,3.76314
7216,1.2511
7232,0.64525
7235,1.82785
7238,2.19465
7240,2.37864
7243,1.26531
7252,2.40509
7269,2.47291
7275,3.68934
7281,2.04331
7283,1.63068
7287,6.57021
7289,6.28357
7291,4.03529
7294,1.20363
7304,5.29682
7308,4.16528
7313,2.90811
7319,1.15227
7325,1.37349
7326,2.21241
7330,5.11047
7332,4.23654
7337,1.36978
7341,0.45891
7346,3.12927
7353,1.39426
7354,3.99924
7361,0.95855
7366,0.63646
7368,5.20907
7372,3.85788
7375,2.94065
7377,6.41497
7380,2.12286
7382,4.07701
7385,2.74399
7392,2.1311
7395,4.3143
7397,3.24435
7403,3.17987
7406,3.19211
7409,0.2339
7410,3.60719
7412,4.15295
7419,3.15916
7425,2.93456
7435,7.36181
7438,3.65093
7440,4.21408
7447,3.01285
7449,2.39426
7456,3.44785
7464,3.61339
7478,2.63271
7480,3.05076
7481,4.96503
7483,3.37488
7484,1.88283
7491,4.02617
7494,2.33607
7501,2.4683
7503,3.78031
7509,2.44206
7517,0.73722
7518,5.95047
7519,2.10558
7521,5.3798
7522,2.68397
7536,3.54697
7539,1.14806
7547,6.48219
7549,3.11243
7552,2.69161
7554,1.76601
7556,3.42249
7564,3.73155
7566,1.20073
7570,4.05472
7571,2.88558
7572,3.43244
7575,2.04874
7586,2.85314
7589,4.89787
7590,2.53618
7597,3.60698
7602,4.40513
7604,4.21705
7605,2.81662
7612,1.24558
7615,3.87618
7617,2.76294
7624,3.59097
7632,3.991
7639,4.06442
7642,2.78568
7643,3.4345
7649,3.54947
7650,1.45511
7653,3.86021
7654,3.29886
7657,4.93523
7662,1.30647
7669,3.64286
7671,2.27393
7675,1.12714
7678,4.06978
7682,4.13443
7688,1.46394
7689,1.404
7690,4.80059
7692,2.64084
7699,1.48911
7705,2.97125
7712,3.1384
7726,4.30593
7728,2.07626
7735,3.69156
7737,2.56664
7739,3.62747
7743,1.39317
7744,5.35377
7746,2.47462
7749,0.8083
7750,3.80679
7752,3.60964
7755,4.79349
7756,3.61083
7762,4.00279
7764,0.6175
7769,2.45197
7770,2.31458
7776,5.022
7778,5.20405
7784,2.72212
7786,2.822
7789,3.01296
7793,4.36082
7794,1.50867
7804,3.01558
7811,4.31683
7813,2.58585
7815,2.83246
7817,0.94387
7818,3.57418
7821,5.72372
7825,3.2572
7830,4.97495
7832,3.64375
7835,1.68542
7839,6.64486
7842,4.9527
7849,3.83548
7856,2.51353
7857,2.43984
7863,4.63701
7866,4.0813
7871,3.06009
7875,2.29334
7882,2.02318
7887,1.44402
7888,3.24598
7891,2.16307
7895,4.32285
7901,4.03682
7906,2.5931
7908,0.91451
7917,2.15951
7924,2.64302
7948,3.75909
7950,5.70587
7955,2.44991
7957,2.01455
7959,1.98116
7967,4.61826
7969,2.4897
7971,4.34081
7974,3.00037
7976,2.38432
7986,5.57904
7987,0.79117
7993,3.86677
7996,3.70906
7998,3.25174
8018,3.06939
8019,2.57841
8027,1.40469
8036,1.47031
8040,4.32327
8044,2.91993
8050,2.88909
8052,0.2232
8054,0.44747
8057,3.64274
8058,4.04559
8059,2.76428
8066,2.6736
8070,6.31563
8072,6.49933
8078,2.69179
8079,3.06094
8080,4.09598
8081,4.08072
8088,0.97117
8091,2.28373
8094,2.75943
8095,2.61707
8099,4.16465
8101,5.19647
8102,5.07327
8116,4.01638
8125,4.02135
8134,0.74098
8139,1.10118
8141,4.48801
8147,2.36352
8158,5.84576
8160,2.58786
8165,2.92072
8187,2.42419
8205,1.07611
8209,3.12261
8211,3.58953
8232,3.61153
8236,4.4036
8237,5.31345
8238,6.09239
8245,3.99685
8256,2.90853
8268,3.16129
8269,2.54115
8270,4.44373
8286,2.68902
8289,3.65457
8301,3.0279
8305,1.55174
8310,2.95347
8312,1.12176
8318,4.97753
8321,4.03657
8328,1.11348
8331,4.38599
8334,2.61935
8344,3.66722
8345,2.23528
8352,4.35017
8358,3.43223
8359,2.08659
8360,2.59768
8365,2.96333
8366,3.01739
8369,4.88776
8373,5.25926
8378,3.67496
8392,2.91722
8397,2.90091
8399,2.18857
8400,2.25498
8405,2.888
8406,4.56938
8410,0.94883
8413,3.95492
8414,0.5436
8416,5.2923
8426,2.6762
8434,4.5481
8439,0.8549
8440,1.43197
8475,3.85307
8480,5.32201
8497,2.18712
8499,1.0628
8500,3.3973
8501,2.85995
8502,2.74745
8518,5.65164
8520,3.6303
8523,4.49438
8525,1.4757
8532,2.62923
8535,1.60282
8543,1.89492
8554,0.7687
8560,4.51779
8561,3.44504
8563,1.21049
8566,1.02865
8570,3.66541
8572,3.2434
8582,1.20726
8583,1.7737
8587,1.73309
8592,2.18315
8593,0.84206
8607,0.74104
8609,4.44273
8610,3.52067
8614,3.77291
8616,4.4623
8622,3.45865
8623,3.7196
8624,1.57905
8633,5.54463
8641,6.21729
8644,5.45915
8649,4.34002
8653,2.95509
8657,6.92513
8658,2.63962
8663,3.46386
8672,1.68494
8680,0.67859
8684,2.65197
8687,1.52384
8688,3.51283
8690,3.58976
8712,0.20262
8717,3.36679
8730,5.0408
8739,3.73916
8744,4.40432
8747,5.29773
8748,4.00995
8751,2.83203
8758,3.58772
8761,1.10879
8763,1.47903
8764,3.58662
8765,6.48834
8773,4.25246
8780,2.58955
8781,2.8885
8782,3.43409
8785,0.12575
8786,1.76158
8797,1.35497
8799,3.7909
8807,1.07936
8816,3.53403
8817,3.05299
8826,5.21209
8833,2.75734
8834,2.94608
8835,2.28538
8840,5.00677
8843,3.20604
8849,3.00157
8855,3.43261
8861,2.25655
8862,3.82873
8865,2.6603
8868,4.51335
8870,4.43931
8880,4.26464
8885,1.50194
8894,1.67202
8895,4.03938
8899,4.23117
8912,1.57665
8922,2.48837
8924,2.98747
8928,3.65371
8932,0.81869
8943,5.27268
8945,5.57625
8946,4.77979
8954,1.54129
8958,3.62959
8960,1.78958
8965,0.94901
8966,4.59797
8967,2.32452
8969,2.97629
8980,3.98246
8984,3.86991
8985,2.87534
8988,2.56093
8989,4.61099
8995,1.41087
9004,2.62731
9010,0.98323
9012,1.24287
9018,3.60059
9036,0.90685
9037,2.149
9040,1.55461
9041,5.53475
9044,5.77648
9045,2.82547
9047,2.30187
9049,1.35626
9061,1.94763
9062,2.62058
9076,3.64006
9079,2.53948
9081,3.87553
9082,4.24933
9089,1.01501
9092,2.94723
9094,1.41826
9115,0.9673
9117,4.00934
9118,2.95864
9120,1.15109
9124,2.35642
9128,1.44487
9135,0.68037
9136,2.08268
9138,3.88355
9157,3.83846
9176,1.58991
9183,1.95735
9187,3.06737
9188,1.55731
9190,4.43197
9197,3.75915
9200,3.19336
9201,1.56976
9203,1.17981
9212,3.51439
9213,1.56282
9214,4.15188
9217,2.72431
9219,3.32616
9220,4.85055
9221,5.75514
9237,2.40388
9240,4.38291
9241,2.19448
9248,3.01931
9253,7.20051
9259,4.30958
9267,1.33236
9271,2.4326
9273,1.15027
9285,5.49791
9290,3.62892
9291,3.16813
9293,1.02888
9294,3.45095
9301,3.00072
9302,3.89076
9312,2.36315
9316,3.62669
9319,1.01129
9328,4.9301
9331,3.83047
9338,0.57968
9350,2.59131
9356,3.58378
9359,1.98877
9362,3.51337
9364,2.44314
9370,3.02294
9380,0.96291
9386,4.5251
9394,1.34618
9407,3.65968
9411,2.74471
9422,3.3501
9423,0.65689
9429,1.40168
9433,0.89988
9439,1.17114
9451,3.95757
9452,2.91416
9453,1.84867
9460,5.01068
9465,5.67874
9470,4.15254
9476,3.70385
9485,3.67525
9486,1.23877
9488,2.81841
9507,5.42772
9508,1.22051
9517,7.25151
9521,5.52054
9528,3.02312
9532,2.9195
9536,2.87325
9540,5.08494
9542,4.46993
9546,3.47323
9548,4.02078
9549,5.68394
9554,4.64794
9555,4.38211
9558,1.20566
9573,0.94341
9575,4.5994
9584,2.94795
9586,3.68184
9588,5.47282
9591,1.40095
9592,3.9738
9597,6.54178
9600,4.07091
9603,3.45205
9605,2.47597
9614,1.01182
9616,4.6635
9622,3.60541
9624,3.98802
9629,0.7145
9633,3.73147
9640,3.89585
9644,1.6167
9645,0.76165
9646,2.59536
9648,2.90047
9649,0.84617
9660,3.71491
9664,3.31585
9675,0.95026
9679,2.96401
9680,3.18611
9682,1.01433
9697,2.90304
9701,3.29786
9704,2.88212
9705,0.87387
9707,3.88216
9714,1.2608
9718,2.25654
9722,5.11062
9739,2.79234
9747,5.61604
9751,1.76801
9757,2.13185
9759,3.29966
9760,3.91724
9764,2.82808
9776,1.34074
9778,3.0743
9786,0.91386
9803,3.27971
9804,4.72104
9815,5.12644
9824,2.13939
9825,0.2367
9826,3.08805
9827,3.71099
9833,3.46223
9835,0.75959
9860,3.70086
9865,2.78565
9871,3.19711
9874,1.22197
9880,2.39144
9882,1.01353
9885,3.04563
9888,4.34379
9892,2.0955
9893,5.07521
9896,1.36433
9902,3.11916
9906,3.73442
9910,4.85534
9914,2.68206
9918,1.9197
9920,1.15133
9926,3.73634
9931,6.55587
9935,3.72323
9945,4.51473
9953,1.35827
9957,2.76217
9963,4.31306
9972,4.51426
9976,4.12024
9979,2.46525
9980,1.325
9982,1.18554
9991,3.4545
10000,5.34408
10003,3.49843
10005,2.47485
10014,3.33082
10032,3.47557
10034,2.60285
10041,2.4966
10042,3.9004
10044,5.11461
10045,1.43118
10054,3.59882
10061,5.97575
10062,1.19963
10073,1.01875
10081,0.35135
10084,1.26505
10086,0.18887
10093,1.33716
10101,5.44749
10105,3.91256
10110,3.6723
10113,2.88012
10115,2.61126
10119,3.5207
10121,3.19965
10124,1.48558
10126,5.26277
10127,3.35421
10145,3.17756
10147,1.49532
10148,2.45178
10162,2.17359
10163,2.75136
10166,2.18194
10172,3.47967
10173,2.34104
10175,1.98123
10180,3.19807
10186,0.96962
10192,3.35393
10199,2.93053
10209,0.41519
10210,7.6825
10214,3.17832
10215,0.35533
10216,1.52693
10232,2.49303
10239,5.00459
10249,4.37149
10253,5.19503
10255,1.15349
10262,2.82401
10264,2.31988
10266,0.87806
10268,1.45258
10271,2.89917
10272,5.39401
10276,1.04691
10277,2.2572
10279,2.69092
10281,1.72511
10285,2.38005
10294,1.31197
10300,2.82468
10304,2.97242
10307,2.95705
10309,5.04413
10310,1.58551
10312,0.58656
10321,2.93833
10332,0.52543
10336,3.48185
10368,2.79492
10369,5.99954
10375,1.47529
10376,1.5214
10379,3.48129
10380,2.65335
10383,2.12599
10385,5.01046
10387,3.41104
10397,2.74795
10412,2.60562
10413,1.53194
10418,2.43329
10420,2.92571
10426,3.5688
10427,2.23685
10428,3.0312
10430,1.41105
10435,2.01197
10436,1.3875
10446,5.47952
10448,3.36576
10449,4.51653
10463,2.39569
10469,2.34136
10470,4.08706
10471,3.59674
10473,4.94097
10476,2.95146
10482,2.92937
10500,2.99015
10511,4.90832
10512,4.24819
10514,3.55177
10515,4.11201
10526,1.17661
10546,1.85316
10549,3.65425
10553,1.13596
10558,2.10863
10575,0.68931
10581,2.21007
10583,0.96969
10584,1.77427
10585,0.9923
10610,1.44333
10611,0.69614
10616,4.88907
10618,3.13123
10628,0.6086
10632,1.77714
10642,3.52592
10648,3.18113
10649,3.48751
10650,2.88592
10654,2.08219
10656,4.9108
10661,5.00827
10663,0.64091
10672,2.76477
10678,5.21915
10685,3.87304
10690,5.01618
10702,3.60863
10706,3.29864
10708,2.44409
10716,2.88866
10717,4.31797
10720,5.18876
10729,1.10091
10730,5.23634
10745,2.01994
10753,2.40396
10754,2.45445
10762,2.33028
10766,1.31037
10776,1.32786
10783,2.36968
10789,2.87385
10790,5.54286
10797,0.47821
10807,2.98571
10810,1.37904
10817,3.06554
10820,2.56852
10822,3.4156
10828,4.36347
10829,2.51992
10830,2.55895
10831,5.8623
10841,6.16726
10847,3.1633
10856,0.34053
10860,0.25736
10861,4.96299
10863,2.91632
10875,2.59426
10884,4.06852
10895,1.87976
10897,2.84981
10898,2.70903
10903,0.11097
10908,1.09991
10924,1.9819
10926,2.27752
10927,2.88436
10928,2.60207
10933,0.58298
10939,5.62038
10942,3.82329
10945,2.92674
10949,3.61105
10950,2.81831
10958,6.12463
10963,3.47247
10967,3.05023
10971,0.97709
10972,1.69974
10974,3.59229
10976,4.38647
10980,2.55333
10991,1.80871
10995,3.90439
11014,5.07287
11017,4.62159
11019,4.68469
11022,1.7303
11030,4.15574
11031,3.04453
11041,1.56977
11042,3.57426
11044,3.93661
11047,4.51394
11048,2.8068
11049,3.39777
11052,2.96607
11058,1.39761
11069,2.96202
11070,2.90607
11073,5.2243
11074,1.28927
11078,1.07658
11079,0.59201
11085,1.03972
11088,3.42611
11106,0.8936
11110,5.4878
11114,3.45013
11118,2.3095
11129,4.38562
11130,3.69284
11131,3.44874
11133,2.44857
11138,3.30812
11143,3.75968
11146,4.15007
11153,3.60543
11162,3.46209
11170,7.10416
11171,0.59477
11201,2.96527
11216,5.04249
11219,2.61386
11222,4.34565
11234,1.54213
11238,3.62337
11244,2.89075
11246,1.58372
11248,1.74054
11250,1.07179
11256,4.21568
11259,2.02976
11263,0.36424
11264,2.74666
11270,1.53289
11274,1.10955
11281,2.92957
11285,0.98163
11300,1.81641
11305,2.86192
11317,3.27592
11319,2.25757
11330,1.4249
11334,4.99395
11335,5.4465
11336,2.88121
11356,3.9148
11358,3.16642
11360,1.62482
11364,0.61364
11373,5.47139
11379,3.28726
11382,4.07094
11383,2.14559
11385,3.91288
11387,2.97634
11391,2.77165
11397,2.50911
11404,2.15101
11405,0.26846
11409,4.14414
11419,2.93184
11430,4.09334
11434,5.60485
11436,2.48413
11440,3.06753
11443,2.43587
11449,2.46594
11452,3.7652
11453,1.12808
11456,4.42563
11457,1.08191
11459,4.22256
11471,0.26753
11476,2.96783
11479,1.31532
11481,3.50431
11485,1.96571
11486,2.63468
11487,2.40821
11488,2.38524
11498,1.83658
11506,2.61279
11511,5.02056
11515,2.09056
11518,0.9276
11521,2.09762
11523,2.67999
11524,1.06752
11525,3.56834
11528,1.18262
11530,2.89069
11531,2.96137
11533,2.71633
11535,3.61506
11537,3.59267
11538,2.49972
11541,1.73237
11548,3.71705
11552,2.65524
11558,1.26349
11560,1.58343
11566,1.06581
11572,0.74971
11573,4.24563
11582,3.92318
11586,2.28757
11590,3.87498
11591,2.46228
11601,3.63645
11611,3.41536
11617,1.06681
11619,4.39025
11624,3.57636
11626,5.68427
11644,2.23339
11652,1.17334
11656,2.13209
11658,2.61694
11659,5.19044
11663,2.89391
11665,3.74646
11683,4.05716
11685,1.28943
11691,2.74589
11694,3.42911
11698,0.7276
11700,3.58574
11703,2.74787
11705,2.39715
11710,3.24981
11711,2.89832
11714,1.27951
11731,4.50733
11732,0.13494
11742,2.21875
11744,3.52555
11745,2.94328
11749,1.26571
11756,3.3191
11761,0.84954
11762,4.05042
11766,4.32438
11767,7.60331
11769,2.68427
11770,3.61775
11771,3.93234
11777,3.10375
11778,5.03189
11779,1.30888
11788,1.78467
11790,4.32744
11794,3.55181
11801,3.63394
11807,0.74946
11812,3.71296
11817,0.82112
11818,2.31793
11825,0.90195
11828,3.99199
11833,4.18673
11837,5.05506
11838,0.67798
11842,2.06585
11853,4.11895
11857,4.09051
11858,1.87016
11860,5.03399
11867,3.59807
11868,4.33165
11871,4.09787
11875,2.79835
11881,6.57372
11890,1.48142
11892,4.10372
11894,2.83338
11896,4.48297
11903,4.27435
11905,3.31807
11907,2.71947
11909,7.20804
11911,2.90957
11915,1.52906
11918,3.08519
11920,4.50145
11923,4.13872
11924,3.08738
11926,2.14598
11931,3.47626
11933,4.03087
11940,4.63752
11951,3.10688
11953,2.28973
11973,1.44535
11984,1.97424
11985,1.72495
11991,2.58309
12002,2.97094
12006,2.93475
12008,4.25827
12013,1.61228
12015,3.30377
12016,4.04518
12023,1.31835
12029,1.6829
12036,0.70124
12038,3.60866
12041,1.34325
12049,4.17807
12050,0.7504
12054,3.39986
12060,2.91858
12062,5.17318
12065,2.51181
12079,1.48963
12083,5.70345
12090,4.67527
12091,4.30847
12094,4.01174
12099,3.35787
12101,2.9868
12110,2.91635
12116,6.32669
12122,3.29022
12127,6.54946
12133,3.65414
12142,0.8839
12147,4.16396
12156,2.46007
12157,4.93582
12158,5.12296
12161,4.04658
12163,3.99631
12166,2.00726
12170,0.46507
12174,5.10135
12183,1.0173
12188,0.86643
12189,4.06895
12192,3.33573
12201,2.98611
12204,0.25678
12207,1.14533
12208,1.74233
12209,3.48747
12210,7.27589
12217,2.94623
12227,1.7789
12231,3.34264
12232,3.631
12239,5.22063
12240,2.3683
12251,3.01753
12256,4.51972
12261,0.65699
12263,2.38577
12266,0.73745
12267,2.81266
12268,3.64405
12279,4.83657
12280,3.06512
12283,2.18725
12284,0.26873
12285,5.77015
12286,5.18383
12292,4.41172
12295,1.91245
12301,3.69689
12314,2.45441
12315,0.38837
12318,0.76175
12332,4.91997
12334,1.39148
12337,3.46467
12338,4.75037
12349,4.20282
12350,3.24955
12359,5.33747
12360,4.99284
12373,4.42309
12374,1.34431
12380,4.285
12382,3.01205
12383,2.84667
12390,4.30995
12398,4.53922
12405,3.64968
12407,2.68606
12410,5.65574
12418,6.64971
12421,4.80446
12422,3.0001
12439,1.86095
12444,3.64652
12463,4.70203
12465,0.82694
12470,3.99445
12471,3.4997
12480,3.91071
12482,3.92854
12484,2.9441
12487,3.98173
12491,3.19431
12503,4.25012
12507,1.51592
12526,2.47287
12533,2.78855
12540,1.13243
12543,2.26142
12552,1.35068
12555,6.4299
12556,3.87449
12570,3.88249
12579,3.38166
12588,2.66609
12600,1.24056
12615,5.39607
12624,3.5728
12629,1.66487
12634,2.77592
12638,0.89191
12646,2.07935
12650,0.24545
12665,2.42643
12674,2.9769
12676,0.30182
12678,2.41833
12685,2.92239
12690,2.74292
12698,3.83598
12702,4.36284
12704,2.93285
12705,2.51041
12710,3.42363
12715,5.17233
12720,3.41762
12734,2.27166
12744,3.54793
12747,1.75514
12757,5.33816
12758,2.16855
12766,1.43533
12782,2.90637
12787,0.90176
12799,2.2879
12804,4.66724
12809,2.87121
12813,3.0233
12816,2.90462
12821,3.92332
12826,2.4887
12831,3.74168
12832,3.61974
12833,2.89858
12835,3.72324
12842,1.95753
12844,3.5215
12847,0.94477
12852,3.06354
12856,3.68585
12857,2.95523
12858,5.74769
12861,2.96695
12869,3.47652
12876,3.44531
12877,1.9406
12879,3.15832
12882,4.11633
12883,3.72594
12887,2.42508
12889,3.4635
12891,5.12674
12894,3.28008
12895,1.03616
12899,2.30696
12905,7.29902
12913,1.39486
12916,1.62718
12917,2.7741
12925,3.25226
12934,5.06667
12939,4.89862
12943,1.51305
12950,5.04546
12961,0.24734
12963,2.65988
12973,1.14402
12979,3.59895
12980,1.00009
12981,1.38572
12982,1.96287
12992,2.0186
12994,0.52698
12999,2.77993
13002,3.66055
13004,1.27673
13010,2.93262
13013,3.42053
13015,4.48659
13019,5.65641
13030,1.94859
13031,5.14406
13036,0
13037,4.82344
13042,1.2122
13054,2.55804
13060,1.68907
13072,3.24083
13073,2.83034
13079,5.42145
13081,1.76974
13086,2.40828
13087,3.52233
13090,1.89329
13098,2.90689
13100,2.38276
13105,0.93302
13106,2.93795
13107,3.73314
13113,7.1546
13115,4.1594
13117,0.77657
13118,2.91628
13121,1.16511
13137,2.14292
13146,1.18202
13150,4.96475
13151,4.0892
13152,2.15486
13156,3.24656
13165,5.3878
13169,4.34071
13178,3.50307
13180,2.84827
13183,4.067
13184,0.12061
13188,3.07125
13191,3.66773
13196,1.15591
13203,3.52767
13206,2.50064
13211,4.69095
13219,0.63466
13223,6.33266
13226,3.70634
13228,2.33393
13230,4.61151
13240,4.4252
13249,5.15379
13250,1.30488
13256,3.47209
13261,1.9455
13263,1.75589
13268,4.5206
13275,1.41307
13277,5.04221
13283,3.73187
13284,1.17904
13285,2.14999
13286,3.96457
13287,1.73674
13290,2.89
13291,1.30461
13294,5.32397
13295,2.88113
13303,2.94262
13306,1.27227
13311,4.71386
13322,1.29223
13331,0.41078
13337,4.88473
13344,1.53609
13362,4.6972
13364,2.39348
13366,1.62205
13368,3.03209
13370,2.3838
13377,4.99503
13378,2.35996
13388,0.56984
13392,4.51656
13398,4.52454
13403,4.46022
13404,4.3054
13409,3.60975
13416,0.92254
13422,0.7255
13427,3.53022
13433,5.09973
13438,2.86971
13441,5.1134
13449,5.13084
13450,3.1343
13453,2.44901
13460,2.72618
13461,4.47272
13465,3.47136
13468,1.01132
13481,3.40378
13485,2.37757
13487,5.09199
13490,3.5661
13493,2.74836
13497,2.48026
13508,1.15702
13516,0.40362
13525,2.94356
13533,4.15172
13535,1.43571
13538,3.61774
13545,3.4731
13566,3.20144
13581,2.74058
13584,1.34419
13588,2.60136
13596,2.72699
13600,6.25253
13604,3.61313
13608,2.86109
13611,2.78308
13612,1.1833
13615,3.45143
13616,3.70696
13618,3.55672
13625,1.4111
13628,3.16769
13629,0.43767
13630,5.32127
13633,3.51398
13637,3.73178
13640,1.82691
13641,2.64726
13651,4.36885
13674,3.5232
13684,3.64888
13690,2.2144
13707,3.60502
13709,5.01831
13710,3.33043
13713,5.54268
13724,0.99362
13725,0.83039
13731,2.28193
13736,2.27743
13740,0.74376
13745,6.309
13748,1.51128
13751,0.65426
13758,1.76284
13762,0.66217
13764,4.15114
13765,1.57511
13769,2.40106
13770,2.32315
13774,4.72239
13787,2.75954
13791,1.12775
13802,2.28806
13807,2.53876
13808,2.12116
13809,1.04657
13810,3.56395
13822,4.15958
13823,3.04815
13825,3.6404
13826,0.92915
13833,3.30971
13837,2.9119
13842,3.44272
13846,2.40034
13852,4.73436
13853,0.80227
13858,1.05266
13860,1.64073
13866,1.89605
13886,1.00066
13887,0.52949
13890,3.37024
13891,3.04256
13893,2.25504
13902,6.29551
13903,1.9329
13908,3.9707
13912,2.22111
13924,1.11901
13928,2.77475
13929,3.43038
13938,4.44036
13939,2.43484
13941,4.9759
13951,1.71084
13962,1.52256
13964,2.3534
13967,2.93332
13971,3.40239
13972,3.91845
13975,0.13703
13977,2.73038
13979,4.12477
13983,1.63359
13984,3.02118
13987,1.83904
13994,4.25976
13999,3.05355
14003,5.43686
14008,4.60655
14011,5.23292
14012,2.12442
14016,2.926
14017,2.37095
14020,1.1813
14027,0.80735
14038,3.68598
14040,4.98678
14042,2.49652
14055,1.36988
14057,4.73493
14060,1.36374
14081,1.41613
14091,3.54303
14111,3.0009
14117,5.0465
14121,3.57778
14122,5.13378
14125,2.33211
14129,0.98685
14135,0.79589
14148,0.6163
14157,3.71152
14161,0.94214
14163,1.45568
14172,3.23823
14180,1.48331
14182,4.43209
14188,1.52502
14191,2.95641
14201,7.0114
14202,3.48897
14213,3.73114
14220,1.06099
14224,2.54742
14231,1.57181
14241,5.05987
14243,3.87177
14245,2.63002
14247,2.22287
14248,2.67171
14252,2.76752
14254,4.0855
14260,3.13278
14269,4.40765
14272,0.803
14274,3.70847
14279,2.86336
14280,5.1869
14290,3.01608
14298,7.31043
14308,4.02191
14313,3.90036
14316,3.65423
14319,5.50836
14322,0.65037
14323,2.87418
14325,6.45586
14337,3.82835
14339,3.93606
14341,2.75601
14342,5.13461
14346,5.65307
14351,3.75941
14354,1.36616
14355,1.00138
14358,6.39599
14359,0.76478
14364,3.63506
14374,1.47325
14376,1.80742
14382,2.72191
14384,2.71813
14393,0.88181
14398,2.9779
14403,4.0179
14406,0.57906
14408,3.79374
14411,1.36981
14414,3.86532
14418,2.41801
14423,3.65179
14442,3.85157
14443,3.78548
14444,2.98592
14446,3.19087
14455,2.99056
14456,4.26644
14458,3.66335
14464,4.15382
14466,4.85473
14467,3.00685
14469,3.11041
14483,0.53202
14484,2.8988
14490,2.60938
14491,2.43028
14494,2.97769
14496,3.71125
14503,1.24969
14504,2.48943
14505,2.98418
14506,0.8202
14507,0.90682
14512,0.94448
14520,4.41759
14527,2.31309
14531,5.24753
14532,1.07685
14535,2.49919
14543,0.86594
14554,3.75245
14556,6.37342
14557,3.57158
14561,2.00745
14562,3.34059
14567,1.29424
14568,1.54983
14574,3.28579
14575,2.75207
14579,3.14303
14581,3.4782
14582,2.16409
14586,1.53339
14591,2.90071
14598,2.99488
14599,3.13821
14600,1.22476
14612,4.46013
14613,1.25831
14624,4.92485
14626,2.89197
14630,4.04141
14633,2.1239
14639,2.59681
14642,3.38177
14643,4.26081
14649,2.11592
14650,2.00619
14653,1.94573
14655,2.26405
14656,2.34787
14662,3.5926
14663,1.22414
14673,2.65947
14674,2.51449
14676,3.62566
14682,1.68113
14685,4.47136
14689,2.47929
14693,3.04042
14697,2.52611
14700,2.84755
14704,1.57023
14710,3.16489
14719,3.29916
14724,4.30259
14728,4.11602
14735,3.37195
14736,2.41148
14741,1.19793
14744,0.44817
14753,1.13883
14756,4.00219
14762,4.85178
14765,4.35448
14783,4.64783
14784,2.40799
14786,0.69803
14790,1.22833
14793,2.90768
14796,5.35567
14801,0.59275
14807,0.62865
14812,3.84277
14815,4.97581
14831,4.08179
14833,5.55732
14836,5.58505
14856,4.02256
14859,2.91316
14861,3.55129
14863,0.29914
14865,1.68055
14880,1.29955
14881,3.72104
14883,1.09447
14884,4.65762
14894,3.71489
14896,3.97777
14899,2.85087
14900,2.88952
14901,1.94229
14906,3.45276
14907,0.98245
14915,4.83257
14919,2.51666
14926,5.48985
14927,2.35843
14933,2.89294
14937,2.98124
14939,2.98067
14940,1.73143
14943,1.5217
14953,3.50585
14954,2.44205
14969,3.52348
14999,7.38211
15008,3.66498
15009,3.49616
15018,4.52279
15023,3.64674
15025,1.43325
15034,3.73278
15036,4.08185
15051,1.26351
15052,2.97943
15064,3.45982
15070,3.55044
15074,4.36328
15077,4.46863
15081,3.73572
15086,5.52066
15093,0.82931
15094,0.70948
15103,2.31121
15104,1.2564
15110,1.27479
15112,2.2054
15115,5.60622
15131,1.24212
15139,2.59349
15141,3.47202
15148,1.00716
15154,5.44138
15156,3.07403
15161,1.55778
15167,2.84492
15178,3.95859
15205,4.09159
15207,1.25149
15222,3.49249
15223,4.19643
15225,3.95914
15228,4.2746
15239,2.56091
15241,1.57755
15246,1.25969
15247,1.33068
15249,2.93054
15255,3.25988
15257,1.58514
15267,1.21676
15277,2.90487
15280,4.81146
15289,4.11396
15297,1.48844
15302,1.05115
15304,1.21856
15312,1.11509
15321,0.27486
15325,1.03806
15326,4.43273
15333,4.553
15337,0.98525
15338,3.76123
15340,5.46252
15342,1.9886
15344,2.95288
15347,0.90147
15349,5.09972
15355,2.34463
15359,1.25188
15366,0.84542
15367,0.29399
15368,1.79271
15369,4.47066
15380,3.53811
15381,3.01291
15387,0.16556
15388,2.9
15389,0.13669
15392,1.33252
15400,2.80201
15405,3.28311
15407,3.47056
15408,6.97097
15411,2.9755
15413,4.10997
15418,4.43777
15419,5.12834
15421,3.01766
15425,2.89538
15436,3.62351
15438,3.96175
15440,3.88065
15443,3.561
15460,2.11003
15464,1.13533
15465,2.86302
15473,1.20434
15475,2.44657
15483,1.40697
15494,4.44038
15495,6.96896
15498,3.11856
15499,2.68621
15500,0.48068
15501,1.19345
15510,2.29847
15512,2.24099
15516,2.57547
15518,5.01127
15519,3.58351
15524,2.90961
15527,0.96258
15529,1.23367
15530,1.68894
15538,0.72239
15539,2.76371
15541,0.97402
15546,1.74319
15547,2.80919
15548,1.85298
15552,1.91278
15556,4.97537
15567,2.84527
15572,2.26472
15573,4.70569
15574,3.51211
15577,0.94433
15579,3.61735
15581,2.38604
15589,1.74001
15596,1.61988
15598,4.83401
15599,3.94315
15605,6.49061
15606,3.97044
15608,3.85219
15616,4.30492
15618,1.50138
15621,0.84083
15626,0.86596
15638,2.51151
15639,2.12889
15642,2.23536
15644,2.94662
15646,5.59751
15649,4.24931
15656,1.52854
15659,0.53339
15680,1.30594
15686,4.13082
15693,1.58752
15697,4.91986
15699,4.80779
15701,4.42664
15705,1.45291
15714,2.56414
15722,4.07899
15728,3.55025
15734,3.10332
15752,1.78465
15756,3.70781
15760,0
15762,4.08409
15767,3.42075
15768,0.9515
15773,5.01981
15774,3.48578
15781,2.83392
15782,2.83439
15784,7.4671
15791,2.36958
15796,4.59531
15798,5.06549
15806,1.24841
15814,0.64993
15819,2.91432
15825,3.48246
15826,4.44032
15831,3.93334
15835,5.57298
15836,1.65004
15839,4.51895
15845,2.93915
15858,1.08463
15859,3.56619
15876,4.55059
15878,4.04582
15880,1.13171
15886,4.00436
15888,2.17927
15891,3.443
15900,2.06907
15902,4.00015
15904,2.66173
15908,1.99509
15910,1.62582
15917,1.97824
15919,4.92203
15924,2.91684
15927,2.69423
15937,1.94101
15946,2.99786
15949,2.9121
15957,4.94669
15961,4.15771
15964,2.47062
15965,3.24103
15966,0.76822
15978,1.41892
15983,0.46594
15987,2.57227
15988,2.77361
15998,2.45102
16004,2.84944
16008,3.16177
16011,0.88666
16023,2.75631
16024,2.3898
16025,2.75823
16048,5.6465
16050,2.64643
16051,1.59584
16057,1.05631
16059,5.25328
16060,3.48185
16075,4.1585
16094,6.34339
16096,4.98284
16116,1.38345
16118,1.26526
16121,2.46799
16122,3.47902
16124,5.67478
16125,3.57297
16126,2.9205
16130,3.9943